category,profit
Software,87284.43999999999
Office Supplies,59936.710000000014
Electronics,58490.76
Furniture,51183.98
