region,revenue
West,188332.33000000002
East,181452.12000000002
South,157909.39999999997
North,141750.4
